tweets_text,type
Watching gaters confuse @ggautoblocker and @theblockbot while screetching at @popehat. just another morning. &lt;3,notcyberbullying
"@Xanthe_Cat nice to know I made him mad, then üòú",notcyberbullying
Just hopped on the struggle bus. Gonna be a long day #collegelife,notcyberbullying
Aw there's nothing to cry about Lynn xx #MKR,notcyberbullying
They are literally going thru a laundry list of actresses and heavily critiquing every one.,notcyberbullying
Give me all the things I need that money cant buy,notcyberbullying
The would-be politician is weak and craves power so that he may impose his will on the people that bullied him at school. -Jeremy Clarkson,notcyberbullying
"Check out Blood and Lace. ""@AwesomeBMovies_: Wes Craven named Freddy Krueger after a boy who bullied him in school. #FilmFacts #Horror""",notcyberbullying
@keywordmkt is daily begging for likes something you think of as classy &amp; professional?,notcyberbullying
RT @shanley: We have been IGNORING this because it was happening to the most marginalized users of our software and tools.,notcyberbullying
@cheeseplus I'm weird - I like Cherry MX Reds.,notcyberbullying
"RT @PatriceChienne: pretty: adjective 1.) attractive in a delicate way without being truly beautiful.""a pretty little girl with an engaging‚Ä¶",notcyberbullying
Oh Kat &amp; Andr√© when will you learn that you shouldn't go mouthing off and acting smug like you do! Biggest idiots this year. #mkr,notcyberbullying
AAAAAAAAAAAAAAAAAAAAAAH @fabiodiz VOOOLTA D: ISSO √â BULLYING COM VOC√ä√ä U-U  FabioeRenannoRaulGil,notcyberbullying
"Please, please, please can Annie and Cat feature in an episode of Naked &amp;Afraid where they r stranded on an island together? #mkr",notcyberbullying
Reminder: A bully always hurts someone weaker than himself. He will never go after someone he isn't sure he can overwhelm physically.,notcyberbullying
Kat and Andre are now more hated than Adam and Carol. #mkr,notcyberbullying
Frio √© bullying contra os solteiros. http://t.co/oogk4Hf,notcyberbullying
Kat and Andre are the worst #MKR,notcyberbullying
This school has their own wifi üòµüòÅ that's amazing!!!,notcyberbullying
Today my class was closed for xmas vecati√∂n. Wish u a hppy xms and new year..,notcyberbullying
@TakeAStand2Day,notcyberbullying
Aussie #mkr judges need to be Aussies I'm sorry ... &amp; ones who know how to comb their hair &amp; look presentable... AUSSIE contestants too pls!,notcyberbullying
@harper @korvys it's also a license I know well. I agree with the philosophy behind it.,notcyberbullying
"Oh, no. Please don't sue me. I'm shaking in my bright pink UA sneakers. https://t.co/zn5tktwG7P",notcyberbullying
"I'm not at GDC today, but I'll be there tomorrow. ;D",notcyberbullying
"You may not like me, but you don't have to be do rude to me in school. I do nothing to you and you always have to make a comment. #smh",notcyberbullying
The amount of kind words and support we've received from all of you has been immense. Thank you all so very much.,notcyberbullying
It's hard being around people who aren't actively trying to fight their own oppressive behaviors. Find your people to keep you calm.,notcyberbullying
"Kind of love that the command ""go potty"" makes leo poop on command.",notcyberbullying
Managed to charm my way into mother filing my college papers!,notcyberbullying
What a relief! They're lucky they realised their mistake! #MKR,notcyberbullying
@ncoghlan_dev @srhbutts I hate cats.,notcyberbullying
Bully Mazzz,notcyberbullying
Darn this guy eating his freaking sandwich on the train. Now I want a sandwich.,notcyberbullying
#MKR Three pancakes - calm the farm. Feed them one pancake each.,notcyberbullying
"@_DirtyTruths Of the three papers that he references, I have so far only been able to locate the third.",notcyberbullying
RT @EzidiPress: [1] Today [24 February] in Mosul: Smoke over many parts of the city by coalition airstrikes. The camp of al-Zarqawi http://‚Ä¶,notcyberbullying
I'm really sorry! Do you have a suggestion for a rephrase? @ThelmaSleaze Cissexism alert... :(,notcyberbullying
RT @TopNewsA1: Synagogue Shooting Victim Dies; Copenhagen on Edge http://t.co/eNdRw2kUmk,notcyberbullying
@buttercupashby @MaDaSaHaTtEr_17 Obviously you are a student who has been fed all the delusions that are required to suck in fools.,notcyberbullying
@gavinatkinson @karinjiri @devinteske i miss sysinstall. :(,notcyberbullying
@Zendaya96 Hi :) I'm trying to get celebrities to follow my STOP bullying twitter will you follow me @BIWSSIN and spread the word :)6,notcyberbullying
"Are you listening?  Especially when children are being bullied and harrassed at school, a sympathetic ear is so... http://fb.me/1a5Bo185z",notcyberbullying
Don't make me fucking dig out the oppression pyramid again oop here it is dammit http://t.co/a1ukOk4E1W,notcyberbullying
"@CherguiaMbark A single brotherhood, from the same idiot that just said, ""We are Muslim, we are not Shia"".",notcyberbullying
"After a spur of the moment roast lamb for 7 its offical, i should apply for #mkr",notcyberbullying
"I really wish I could be watching college basketball right now. But sadly, I'm writing this long ass gov outline.. Sheesh..",notcyberbullying
"She also claimed that women being angry with Wadhwa was worse than the death threats we were getting because we're ""used to it"".",notcyberbullying
SASS WILL NOT KEEP YOU IN THE COMPETITION!  #MKR,notcyberbullying
"@_Watch_Observe_ @CamilleHughes16 @anthfieg1 Getting a job and integrating is the individuals problem, not the governments.",notcyberbullying
Great to see the local National Park workers tucking into a free feed.  How about you empty those loo's instead. #MKR,notcyberbullying
The Bully flushes on KD http://twitvid.com/A2TNP,notcyberbullying
"Palestra sobre Bullying para Educadores, Pais e alunos na SMED @adrianoventura @josianefanasci @galvaopadua  http://t.co/7rOhU7R",notcyberbullying
why is their whole menu dick related?!?!?! #MKR,notcyberbullying
"I swear to God 82,6% of the girls don't even understand the rules of football. They're just going to see @Louis_Tomlinson ‚ò∫‚ô•.",notcyberbullying
@MsLizzieMarie me too lol,notcyberbullying
Twitter makes me laugh....Better than the series ;)))))) Very funny üëèüëèüëèüëèüëè  #MKR,notcyberbullying
East coast of India is the target area for surface currents. #uspatialsymp #I,notcyberbullying
@JaVoTTa  ni√±a bullying!!!! te gusta poco! xD,notcyberbullying
"@ItsAlly_Dawson idk, I gotta go, I get off at 3:25.",notcyberbullying
RT @TRobinsonNewEra: UK Sikh manifesto lists action against perpetrators of grooming and forced conversions http://t.co/2KqVLuMPwG‚Ä¶,notcyberbullying
Be yourself and quit trying to be everyone else.,notcyberbullying
Christmas classics on ABC Family &gt;&gt;&gt;&gt;&gt;&gt;&gt;&gt;&gt;&gt;&gt;&gt;&gt;&gt;,notcyberbullying
Going to see @TheQuinnspiracy's movie I AM SO EXCITED,notcyberbullying
I just couldn't ever develop lasting romantic feelings for anyone that prefered D&amp;D 4th edition over 3.5.,notcyberbullying
god bless my mom for bringing home chinese food,notcyberbullying
Anyone else wants to punch Drasco in the head #mkr,notcyberbullying
RT @TaxEnuffAlready: Political Correctness is the fertilizer that helps Islam grow http://t.co/9ST4TpNicr #Auspol #Politas,notcyberbullying
@Allison_312 @okieatheist @furiechicago @steeevi My guess is that you have never read the Quran or Hadith and are just spouting the LW line.,notcyberbullying
Her leg was dry!! Bahahahahahahaha #mkr,notcyberbullying
@BDSSupporter And who cares where they were born. They became Israelis by choice.,notcyberbullying
"er, THOSE.",notcyberbullying
QUE BULLYING... PQ NO MT AGENTE VAI ASSISTIR O ULTIMO CAPITULO DA NOVELA POR ULTIMO? PQP..,notcyberbullying
Still the best website on the internet: http://t.co/IiibIFWNuW #stopwadhwa2015,notcyberbullying
#MistakesGirlsMake GET PREGNANT!,notcyberbullying
"@nurmannurman #kasian ""@STANers2010:  #ClassAward Temen sekelas kalian yang sering di-bully .......... #MentionKe #IsiTitikTitik""",notcyberbullying
@chris_gray91 no I'm keeping that for later trackies and a tshirt on #LuckyNooneCanSeeMe :( ha x,notcyberbullying
I took Maddie to the doctor this morning. Everyone there looked at me like I had nine heads. Are dads that rare?,notcyberbullying
RT @SevenPerth: The countdown is on until #crabfest15! See our local #MKR teams on The Good Guys Cooking stage http://t.co/McL1z1D9TC http:‚Ä¶,notcyberbullying
@plrdirectory Another #plr provider discovery - thanks for the connection!,notcyberbullying
"RT @finicalgal: Basically the #MKR ""twists"" are a series of annoying ways to extend this season.",notcyberbullying
regram @starwarsfannews,notcyberbullying
RT @NoToFeminism: I don‚Äôt need femisnn i heard femists were trying to write a book sequel called To Mock a Meningbird,notcyberbullying
Heiii odah @faannn bsk ak g msk yah.. Jagain suheri yah.. Jgn smp si ijah @opiesiraru kalap buat bully suheri,notcyberbullying
"@AMohedin When the Taliban make women wear Burquas are they not preventing women from ""displaying themselves""?",notcyberbullying
@brunoyudi33 pior que os outros bully passa logo o n 24 √© por um ano no minimo,notcyberbullying
Presented without comment. http://t.co/4xAlmBW4YB,notcyberbullying
i'm happy when life hands me lemons. can't do shots of tequila with artichokes.,notcyberbullying
@J_Birt94 And yet you felt the need to tweet this drivel,notcyberbullying
@dankmtl @PeaceNotHate_ Wrong again asshole. Just look at the Christian vs Muslim population demographic for the last 30 years.,notcyberbullying
ebay is running one of the largest data warehouses in the world #TDPUG12,notcyberbullying
RT @Yonadav7: Elder Of Ziyon - Israel News: The collection of Charlie Hedbo Mohammed cartoons http://t.co/tenqB24kkp,notcyberbullying
Now we're comparing our papers to the human body? I was never good at anatomy‚Ä¶ üìùüö∂,notcyberbullying
"And they knew me, too. SO WEIRD.",notcyberbullying
@voretaq7 @chilblane i'm sorry. :(,notcyberbullying
@KeepingtheLeith @thebigfella37 The government is not the US.  Americans hate the Saudi Monarchy.,notcyberbullying
@josh_ag @ncweaver https://t.co/b5HFOAtfbk,notcyberbullying
@MetaCookbook @Jenny_Trout it is very appreciated. thank you. :),notcyberbullying
".@tarah @girlziplocked @hypatiadotca @justkelly_ok @ameliagreenhall when ur writing a book about WiT, it is prob not a good idea to do this.",notcyberbullying
"Please look Cerebral Palsy, Bullied in School and NO regrets!  dads parenting schools http://t.co/pQtK1rA http:/... http://t.co/rJBTsIz",notcyberbullying
Anyone have a video of this?,notcyberbullying
Posing for extra style points before wrecking *everyone*. #selfie #warlords http://t.co/Jr11tzm49x,notcyberbullying
"I've been watching Jenn for a while, deciding if it was worth saying anything. Her tweets are benign, but the *response* is not.",notcyberbullying
"I'm glad Will and Steve are back, though. #MKR #MKR2015",notcyberbullying
"How them kings do last nite?,‚Äú@JoeyCorleoneBGR This was a bullshit morning b‚Äù",notcyberbullying
@GBO26 She'll turn 18 just in time for next Season of #MKR meaning she could apply for MKR. Father/Dtr duo?,notcyberbullying
Pause in horror as you realize the harsh reality of that statement.,notcyberbullying
@MelBiebs69 @haroonstyles @halalflaws @greenlinerzjm @biebervalue Don't feed me propaganda. Tell me what 33:33 says.,notcyberbullying
"@halalflaws @AMohedin @islamdefense @haroonstyles @greenlinerzjm No, it says this. http://t.co/zpGYjCBUNb",notcyberbullying
This feeling this morning,notcyberbullying
"@obsurfer84 There is no ""interpretation"" to ""I was six years old"". Only Taquiyya Muslims trying to lie about it.",notcyberbullying
RT @frankdenauw: Maine Man Charged With Choking 2 Cats to Death,notcyberbullying
RT @babybrucewayne: except it's not the best looking instant restaurant.. It looks like two 13 year olds put it together #mkr,notcyberbullying
@PrayForLizzie wuld u be interested in a demi support/ stop bullying video?(:,notcyberbullying
"And he's an author. You know, someone who needs empathy to perform his job. http://t.co/mQeFE8SuH0",notcyberbullying
@BG_Princess22 I'm just so tired and the class sucks. And it's easy,notcyberbullying
"@17snelson Unless you meant ""woman""?",notcyberbullying
Here is my deconstructed Vanilla Cake...some assembly required #MKR http://t.co/Ah1suwvPJo,notcyberbullying
"@WithTrish @JRehling Look, if you don't know anything about Islam, then don't waste my time.",notcyberbullying
Minist√©rio p√∫blico investiga bullying sofrido pelas organiza√ß√µes Globo e por Ideli.,notcyberbullying
Throwback to when vivek offered to show me around SU to shut me up. https://t.co/DoMBsoijp3,notcyberbullying
"RT @the_author_: It's also worth nothing the absurdly low threshold men place on women's anger. Simply saying ""no"" is often interpreted as ‚Ä¶",notcyberbullying
Made the Director's List. LOL,notcyberbullying
@amehl17 way to skip class and you are crazy! Missed out on teach comparing a penis to a Swiss army knife,notcyberbullying
@miscu_ I have bots to block all of that.,notcyberbullying
@marthacarvs #bullying #excluida #glee,notcyberbullying
@TimCField http://t.co/ElwRyZZhT2,notcyberbullying
"FUCK BACK THEN, WE THE SHIT RIGHT NOW !",notcyberbullying
Mnet https://t.co/qUYf336tya,notcyberbullying
RT @Ginty80: #mkr http://t.co/lZ7m2e8Q4K,notcyberbullying
"Oh Mickey you're so fine. You're so fine, you blow my mind. Hey Mickey! HEY HEY! HEY MICKEY!",notcyberbullying
I hear that it's snowing up north. Glad I made it through that before the snow started.,notcyberbullying
@edgeofthesandbx @batchelorshow @FearDept Are you talking about Jews? They are not leaving western Ukraine these days.,notcyberbullying
@Shervyn A big project we have going forward is a user facing solution that involves the cooperation of large tech companies.,notcyberbullying
I wanna be that feeling,notcyberbullying
@dylanw heh. HEH.,notcyberbullying
Maybe your better off with the person you didnt think you neededd,notcyberbullying
mmmm #MKR Forget Deconstruction @lisamromano @garydlum @mattsparks88 THIS is Lemon Tart üçãüçãüçã mmmm http://t.co/iiLigXbbzw,notcyberbullying
"So on this day, I was feeling myself a lil bit too much in school.. I had too piss reaaaaaaaal bad. I was doing the piss dance and everythin",notcyberbullying
@ingridill0391 esa chiquilla es tan bully :(,notcyberbullying
Mama dukes is the best,notcyberbullying
"@devilcrayon sadly, most are breeds not allowed by my apartment complex.",notcyberbullying
"I have absolutely no idea what the phrase ""saving room for dessert"" means.",notcyberbullying
RT @nickfalkner: I dededeconstructed my tart so I just jammed a lemon in Colin's mouth. #mkr,notcyberbullying
man driving classes are boring!!,notcyberbullying
"Forgive me love, for wanting you. Blame it on those eyebrows arching over baby blues. #sayanythingmonday",notcyberbullying
This is absolutely ridiculous how bad my ankles and legs hurt from playing football.,notcyberbullying
How am I getting home from college :((((,notcyberbullying
I'm a fan of dreadlocks. I could never do it. Charlie looks good with them though.,notcyberbullying
Are you effing kidding me???? Talk about #JumpingTheShark #MKR,notcyberbullying
Tooooooo hungry,notcyberbullying
#OMFGOD she didnot just pick shit out of his teeth fucking gross #MKR,notcyberbullying
@StanCarey If I said 'ledge-bag' I could be held in contempt of court!,notcyberbullying
"@loamorim_ @fjoaopedro_ defy, tu sofre bullying, ja percebeu? kkkkkkkkk",notcyberbullying
"@LifeInKhilafah Same applies to most Asians. They work hard, study hard, and get the results. Mohammed was a caravan robber too lazy to work",notcyberbullying
Back to college for 2 hours erggh,notcyberbullying
Minha m√£e piora o bullying !!! S√≥ me esculacha #huahua,notcyberbullying
Lol hot box on a red light !üôâüí®üí®üö¶,notcyberbullying
RT @JamesMakienko: @omeisy @yemenrightsmon People in #Yemen see through #Russia supporting #houthis - already making fun of #putin https://‚Ä¶,notcyberbullying
"New Jersey Schools to have US toughest anti-bullying laws - 18 pages of requirements, and league tables : http://t.co/MAdEo9b #edchat #edlaw",notcyberbullying
@TheKenNarvato follow back dude!,notcyberbullying
@haacked hi! I'm currently in the middle of driving home but I should be there soon. Will send you an email later.,notcyberbullying
@RuwaydaMustafah And gave even more help to ISIS. Turkey is quickly becoming an Islamolunatic theocracy under Erdogan.,notcyberbullying
If something is so hard to do on the BBQ then why why why do it?? #MKR #hungrycampers,notcyberbullying
"@quantumdude @SonataSetShy @Spacekatgal at this point? You know it's getting mobbed by harassers with down votes aplenty, choice is yours.",notcyberbullying
"@RadiowaveFM I'm going to smack the bullies of course, bullying my kid(if i had one) is very personal",notcyberbullying
Or basic sociological concepts like stereotype threat,notcyberbullying
"This boy in my class ate a orange &amp; put the orange peals in his sneaker , like whatt ?",notcyberbullying
"@AAlwuhaib1977 I know hundreds of Christians, but not a single one that fits the discription.",notcyberbullying
Women have been equal socially for quite awhile now &lt;-- said with all of the authority of the truly uninformed,notcyberbullying
@sschinke @Blackamazon @shanley also sorta working with Twitter on a bunch of things. Will get clarity on NDA.,notcyberbullying
Prayers are going up for my Papaw today as he goes for Open Heart Surgery.. I love him so much...,notcyberbullying
My job gives me a constant stream of endorphins.,notcyberbullying
Hey #SuperHero fans. We have a collection of #StanLee videos about #disability #bullying #adhd and more http://ow.ly/64BD4 #akhca,notcyberbullying
"Jelly much, Kat? Andre is no catch.  #mkr",notcyberbullying
"Although down-syndrome is genetic disorder , but it cannot be inherited .",notcyberbullying
@MisGrace @GBabeuf @RJennromao @DavidJo52951945 @Novorossiyan @gbazov @NewsCoverUp @rougek68 Says the Putin owned troll.,notcyberbullying
"I don't care what BS cernovich has done, have some goddamn ethics. For real, though.",notcyberbullying
Pocky 4ever. http://t.co/Sah8xed05T,notcyberbullying
@d_bully personally i blame Arsene. must all be gooners. Signing chamberlain instead of a centre back must have pushed them over the edge,notcyberbullying
@karolinecg La vem vc fazendo bullying comigo :( Vc abusa de mim s√≥ pq gosto de vc mimimi,notcyberbullying
Having a lazy day today fuck school so i'm gunna drink tea and watch shit loads of 1D videos bye,notcyberbullying
"RT @waxpancake: Awww, Vivek made a new friend! http://t.co/B482drk2pN",notcyberbullying
@james19XX You should examine your personal reasons why one gender 'looks weird' doing an activity as gender-neutral as bike riding.,notcyberbullying
HAHAHAHA,notcyberbullying
"RT @_darkhours: ""@HoseinMortada Syria -SAA Raids Rebels dens in #Daraa,#DeirEzzor &amp;kill several 10s terrorists http://t.co/HUwcW7McP8 http:‚Ä¶",notcyberbullying
"The bus is packed and I'm surrounded by people, can't breathe.",notcyberbullying
"RT @LahavHarkov: Ignoring the crazies is the best policy but if you really can't, here's a great takedown of Max Blumenthal http://t.co/4V9‚Ä¶",notcyberbullying
"Jesus brought us a new life. The life that is not subject to disease,fear,poverty,confusion but it is the life of total victory in Christ",notcyberbullying
@trentmkays @drurbanski except that features like that shouldn't have a pay barrier.,notcyberbullying
"For more egregious cases for harassment, we definitely need to be able to respond to those appropriately. But most toxicity isn't this.",notcyberbullying
TWITTER IS ABOUT TO EXPLODE!  #mkr,notcyberbullying
okay so tat guy is in my design&amp;engineering class! Cool!! ahhh yyy :P,notcyberbullying
already taken by cocos (L)__(K).,notcyberbullying
@ashleylynch o_O   that's appreciated greatly. going to be releasing some financial info soon.,notcyberbullying
"@DeShilianGuey lo digo por muchas cosas que leo, es una pena en verdad. Nuestros hijos crecer√°n rodeados de bullying por pensar diferente",notcyberbullying
@AnwarPrince14 @RTUKnews @RT_com I find that it's the people who claim others don't know anything about Islam that don't know anything.,notcyberbullying
Woot on hold with my internet provider...,notcyberbullying
"I miss telling my brothers about how school went :,C",notcyberbullying
I'm gonna die tonight!,notcyberbullying
@beardyblue I sort of grew up in it. :) http://t.co/SUrQwclIoU,notcyberbullying
@pakito_tuamigo yeaaa zombie bullying!!!! blood!!!! brains!!! muahahaha!! xD,notcyberbullying
@ErikaLopezDurel Definitions mean jack.  Actions do.,notcyberbullying
"Another round of instant restaurants, get to the good stuff already #MKR",notcyberbullying
@PoliticalAnt @Lithobolos @ZaibatsuNews Half the mosques that are built in west are financed and staffed by Gulf states looking for Salafism,notcyberbullying
@Fixer_Turkey Why were innocent civilians in prison?,notcyberbullying
"@Marissazman @huddydoodle don't worry babe. Nnt I kung fu je dgn dia. Kita tgk ah dia tergolek nnt :p jgn bully best friend I, Hud! Haa haha",notcyberbullying
#MKR what price a bit of nationally televised dignity,notcyberbullying
.@sindarina tweetbot is a paid client.,notcyberbullying
"Dou um empurr√£o em uma pessoa, isso se chama : - ‚Ä∫ empurr√£o. ‚Ä∫ ‚Ä∫ SOCIEDADE: bullying! http://tumblr.com/xun3xycfun",notcyberbullying
Fashion by Randi.,notcyberbullying
"@_blackglass__ @dumuzi1969 LOL. I love that ""just wait"" reasoning.",notcyberbullying
"We should take the ""Stop The Bullying"" & change it to ""Quit Being A Dick."" #fb",notcyberbullying
@sailorhg @iroc oh my gosh. This is awesome.,notcyberbullying
@OHLANDmusic I would say me but that's egotistical so let's go with danger mouse or childish gambino,notcyberbullying
Can't focus. Go figure.,notcyberbullying
"Bacon, 2 x fried eggs, toast, 1 x sausage, tomato, mushrooms and spinach! #PissEasy #MKR",notcyberbullying
RT @BlizzHeroes: Proof that anyone can find love in the Nexus... Learn More&gt; http://t.co/d1yAwoMZLu . https://t.co/4Txof10L1J,notcyberbullying
@LifeInKhilafah Daesh have so many fronts to fight that they don't have the concentrated manpower to succeed any more.,notcyberbullying
"Hi. I'm late to the #MKR party tonight. Who's house is this? It's very spacious and ""airy"".",notcyberbullying
How can they get away with that. Kat &amp; Andre are cunts. #MKR,notcyberbullying
"oooo, drama on my timeline again! Let me guess who's involved... ;)",notcyberbullying
"NPR asked to speak to me about the wadhwa thing. They *just* got off the phone with him, &amp; now they don't need to talk to me anymore. Weird.",notcyberbullying
@dcfanjane @tsant71 @Lauire1 @FoolsApril64 @LuDiCRouS_70 @brwneyedbaby74 @corinnakey @soul3208 @pinkplainangel @mycircle Thank you!,notcyberbullying
About to get dressed and wait on some one .. so I can take his ass too the hospital !,notcyberbullying
"@nwOryzen Again, you jump to unsupported conclusions, just like your absurd coup idea.",notcyberbullying
RT @oh_deary_me__: Meanwhile back in the English Boyz tent. #mkr http://t.co/ezWQnQIiYH,notcyberbullying
"@OfficialAdele haters always will be haters.. Don't care about that.. live this moment so happy, with ur baby :).. And just never forget,",notcyberbullying
@alex SO GROSS. feeling the urge to shower in boiling water.,notcyberbullying
@NikkiGobel hmm okay.,notcyberbullying
RT @benpobjie: Well that‚Äôs Lynn and Tony screwed #MKR,notcyberbullying
I hope I can finish it in time,notcyberbullying
@lukemoon1 Leading it 35 miles from the action.,notcyberbullying
"@JimmyMcCunty @Spacekatgal oh, darn, you can't? shoot.",notcyberbullying
So I don't get that puppy. But the director is apologetic and telling me I can have 50% off any other dog.,notcyberbullying
@IAmThe1Teacher @IronmanL1 @stevecorrales80 Try reality teacher. http://t.co/X8sqLd5jZU,notcyberbullying
@GBabeuf @MisGrace @RJennromao @DavidJo52951945 @Novorossiyan @gbazov @NewsCoverUp @rougek68 I see your logic is as screwed as your morals.,notcyberbullying
One more time!! Good luck for ya @Louis_Tomlinson and hv fun!! Big love!! &lt;3 :) xx,notcyberbullying
@RoyLetsGo where have you bing????? At least post a survival report next time!,notcyberbullying
"I'm glad God doesn't see race, wealth, status, class etc...",notcyberbullying
Celtic can get a draw tomorrow ! #believe!,notcyberbullying
@LifeInKhilafah Wouldn't you rather be one of these? http://t.co/cm084oSkv7,notcyberbullying
Just gave a shit about bullying. Give a Shit at http://t.co/ftilJcW #giveashit,notcyberbullying
Yay Instant Restaurants are over!!! #mkr,notcyberbullying
"@MikePrysner @McDonalds I see that you are a big user of photoshopped images to sell your propaganda, Putin troll.",notcyberbullying
@CourtneyMooK @aluce32 I am...... I just wanted to make you feel like a bully :),notcyberbullying
@WilliamShatner @steve_markham watching someone with 1k followers explain Twitter to you has been the highlight of my past 15 minutes.,notcyberbullying
#confieso que le hago bullying en secreto con mis amigas a una compa√±era que es weona XD,notcyberbullying
@Forking_Awesome üòÇ I was laughing at the #MKR Kat &amp; Andre hate tweets and    recognized you. We share the same hate.,notcyberbullying
@channelbianca Hope you feel better soon!,notcyberbullying
Is it a pony?! Oh fuck off.,notcyberbullying
Bully - missed this game.,notcyberbullying
@wilw magnificent.,notcyberbullying
@JihadiA8 There was no former glory.  Just a backward state powered by war and slaves.,notcyberbullying
"It's super common to run into an unintentional DoS, especially in dev. Ever make a stupid mistake that caused a critical lack of resources?",notcyberbullying
RT @sl473: Mmm maple bacon is the bomb #mkr,notcyberbullying
"@Noodle_Nobody Actually, no.",notcyberbullying
Nah nah nah-nah...hey heeeeeyyyyy..... Katie &amp; Nikki #MKR,notcyberbullying
"@Matty_Hammons Men, meanwhile, complain about things of substance, like women's legitimate criticisms of media",notcyberbullying
YES. I LOVE @lenadunham. http://t.co/ycgTBmmdxb,notcyberbullying
"She seems to be getting the most tweets, but @femfreq and @TheQuinnspiracy have seen much more ht engagement as well.",notcyberbullying
So gunna miss my home church when I get back to school.,notcyberbullying
Tem uma festa de crian√ßa bombando aqui no condom√≠nio. Pessoas sem filhos como eu sofrem bullying em momentos como esse: n√£o s√£o convidadas.,notcyberbullying
@DonaldJTrumpJr @mrsvanessatrump congratulations!! The Trump dynasty continues. Best regards to the whole family.,notcyberbullying
I hate configuring retention policies and flush intervals in statsd/graphite. Ughhhh.,notcyberbullying
Are you serious a score of 1???? Uh I hate Kat and Andre #MKR,notcyberbullying
Can't wait to see the winners #mkr,notcyberbullying
How are You? @edcrossfineart We are well...,notcyberbullying
Entree worth a 3 max. My kids cook better than this and they know how to open cans! #MKR,notcyberbullying
"o @victtorgomess t√° praticando bullying comigo, √©! u_u",notcyberbullying
@PhilipMills8 @PsychBarakat @jncatron Palestinians must go back to Egypt and Saudi where they came from. There will be no withdrawal.,notcyberbullying
"That's about 4"", i think.",notcyberbullying
Not chefs shut up #MKR,notcyberbullying
@emily_esque I would love that. would you mind DMing me your email address? can shoot you an email later today.,notcyberbullying
@trishesdishes @GamerBobobobob Yep.,notcyberbullying
@fariesjha haha ;pp,notcyberbullying
@Ricky_RoZaizeph no. If they were capable they would be doing it. Stopping the run doesn't take much. They are too small. Getting bullied,notcyberbullying
and note2 @TheNewSchool ... i'm coming for you again.  #Take2,notcyberbullying
Mmm the pancakes are mouth watering I wish I was there #Mkr,notcyberbullying
My phones at 8% I'm going to cry.,notcyberbullying
RT @Mwaqar09: #Turks Boycott Schools in Protest of Islamization of Education http://t.co/Gk1CHxm43t #Turkey #Erdogan #Secularism http://t.c‚Ä¶,notcyberbullying
@TheQuinnspiracy I am hyping the fuck out of this by just being honest and people are setting timers and stuff.,notcyberbullying
Seems the entire AFL season will be shorter than #MKR,notcyberbullying
I can already tell that there's only going to be one person who I'll stay in contact with once I leave school.,notcyberbullying
@kcgreenn You can ask @All_HailCaesar all about it!,notcyberbullying
#mkr kat and andre didn't vote fairly they don't deserve to win.,notcyberbullying
"Words are nothing without actions, If words ment something without actions. We would all be as best as our words make us.",notcyberbullying
@Vandaliser @sajid_fairooz @IsraeliRegime Go read the history of Algebra in wiki and stop lying and running your mouth.,notcyberbullying
Is #mkr turning into #masterchef,notcyberbullying
"Coffee just dinged, so I'm going to finish this story quickly.",notcyberbullying
This the first time I seen the bully win money,notcyberbullying
@bellathorne143 BULLYING WE'LL STOP IT!!! http://t.co/2bNDKrD,notcyberbullying
Round 2 of #MKR you guys did an amazing job zeebie05 !! Starting to get anxious about our turn #MKR‚Ä¶ https://t.co/w2sCY5Whyr,notcyberbullying
@mattjbaldo that's never a problem.,notcyberbullying
"@RJennromao All your followers need to read Masha Gessen's book, ""The Man Without A Face"" to understand what a criminal and thug Putin is.",notcyberbullying
@theThuggie what the HELL were you thinking with your company's name?,notcyberbullying
"@Giia_marengo le hace bulling a @Karol__Dance por que se ""gana"" en todos lados jajajaj y dice que los washiturros NO son flaites jajaj WENA",notcyberbullying
Hoping Vicky and Celine to go sudden death 100% #MKR,notcyberbullying
iTunes is playing all my old shit I used to listen to in high school.,notcyberbullying
I'm here and I'm hiding because I am literally wearing spoilers for the announcement. :P,notcyberbullying
@Elliot_Anderdon oh well you should watch it :) ok see ya,notcyberbullying
Someday im gonna dump that thing into the rubbish bin üò°,notcyberbullying
Shoutout to back when GamerGate thought forking #ggautoblocker's repo  excessively would make me renounce open source.,notcyberbullying
How can you have never cooked on a BBQ before????!! #MKR,notcyberbullying
"@MaxBlumenthal What ""along side""?",notcyberbullying
@ktetz5395 i think i just saw you..,notcyberbullying
HOW MANY ANGLES DOES MY FIST NEED I DON'T UNDERSTAND @echofade @angryaussie,notcyberbullying
Dessert's looking delicious ladies! #mkr,notcyberbullying
@Sheikh_Times3 How would you kill the terrorists in Sinai?,notcyberbullying
"@GlennF @Spacekatgal he's regurgitating the same ideas that people have had before. they were bad then, shockingly, still bad now.",notcyberbullying
GET. FUCKING. FUCKED. #mkr,notcyberbullying
"The ""hot pot"" is just tinned shit poured into a pot. I can do that and if i can do it, its very easy #MKR",notcyberbullying
"I'm talking about people that take an active stand to say they want to create solutions for harassment, but do nothing beyond get RTed.",notcyberbullying
RT @RealtyGC: #MKR. Honestly. How can any of them attempt to cook well without at least half a bottle of shiraz in them.,notcyberbullying
im so blownnnnnnnnnn.......my sister came back from school &amp; all she is listening to is Jersey Club,notcyberbullying
nichegamer got blacklisted by a gaming company. they responded by posting an article friday night about being blacklisted. oh boy.,notcyberbullying
"@dj_zense te creo, esparate que estoy witriando! #bulling",notcyberbullying
"@discerningmumin We didn't overturn elections in either place, the people did, and the people have that right, as long as they elect new ppl",notcyberbullying
"oooo. Almost forgot, need to submit to CFP for #osbridge. :)",notcyberbullying
@gcarothers eek. i can't stand split keyboards. doesn't work well with MMOs.,notcyberbullying
"Oh hey, you should be ashamed of your disgusting self. @TheMajesticPlum http://t.co/B4obsliTUg",notcyberbullying
"@SpaghettiOMals YESSSS SON!!!!! I was like WHAATTT??? And he gives EIHT the ultimate guest spot beat and execution, amazing",notcyberbullying
not making any effort today,notcyberbullying
"*sees Mother Jones article titled ""Feminism needs men""* *laughs* *closes tab* *smashes window*",notcyberbullying
ain gnt eu fico mt puta com quem pratica bullying namoral,notcyberbullying
"Bullying linked to decreases in GPA, longer lasting negative psychological effects, and obesity. More evidence... http://t.co/UCdxYcj",notcyberbullying
UGH why couldnt it be kat &amp; andre #MKR,notcyberbullying
You know...kudos to #MKR for being able to stretch out a show....over a month onto the show and we still dont have final teams...,notcyberbullying
"@deathofrats01 yup. ^.^ unless it's your field, it's not surprising that you wouldn't know.",notcyberbullying
Anger over bullying at work talks: A ROW has erupted between Central Beds Council (CBC) and workers‚Äô union GMB a... http://bit.ly/quVhWD,notcyberbullying
RT @NikFuq: @magali_c @YesYoureSexist another thing u haven't realized is that this post is a joke. A mock of posts I see during black hist‚Ä¶,notcyberbullying
#MKR Fuck you Colin! That was total shite!,notcyberbullying
@halalflaws @biebervalue @greenlinerzjm Your Imams write crap on a piece of paper and you think it comes from Hadith or the Quran.,notcyberbullying
"RT @hmason: Kathy Sierra on Silicon Valley, meritocracy, and Skater Culture.  http://t.co/UlNvvmyC3d",notcyberbullying
"@MisGrace @GBabeuf @RJennromao @DavidJo52951945 @Novorossiyan @gbazov @NewsCoverUp @rougek68 Russia, all media controlled by criminal Putin.",notcyberbullying
Feliii cumple amiguita hermosa @macabritpopdm  te queroooo y aunq paresca bulling tantoo saludoo no lo es bueno sii un poquiiiitoo jajajaja!,notcyberbullying
"And who told you Hindu marriage was not legal, idiot.what the hell you are saying in Pakistan No Muslim Marriage was legal till they dont have documents , got it. Now that has been abolished and no documents are needed as you people marry without documents.",cyberbullying
"I never said that I support him on everything or that he can't do anything wrong. You do seem to be pretty radical in your thinking though and you base your argument on a ""what if"" argument: he said that she said that he said...",cyberbullying
@urgedharry @nyazpolitics @greenlinerzjm Laugh all you want. Islam is a steaming pile of shit. Good night. Blocked.,cyberbullying
@zakirnaikirf Saying that Islam is a way of life means that it tells you that you cannot have democracy and must instead follow a pedophile.,cyberbullying
@DianH4 Islam doesn't answer anything.  It pretends to answer with illogical and delusional superstition.,cyberbullying
"Another Idiot ...is India really Full of them. It's has nothing to do with BJP / CONgress or Hindu-Muslim, it's about Rich/Poor. You all are so uneducated , but literate .",cyberbullying
"The foolish ignorant idiot says christianity, capitalism, apartheid, witchcraft, and psychosis can't hurt you. But they can harm you. God uses them as lethal weapons against any person for his amusement. God used religions to kill Muslims, Jews, and Christians everywhere in world",cyberbullying
"Abe sale pura duniya under threat hai re bewakoof . Bill gates ne sab ki mara hai aur tum log hindu muslim krteho . The whole world is fucked open your eyes,you will be vaccinated by fuck shit and they will paralyse you . Brainless idiots.#Hindus_Under_Threat",cyberbullying
"Sir, you cannot be a true follower of Jesus and support hatred, greed and lies poured out daily by so conservative Christians. Jesus was a radical - teaching loving kindness, generosity and compassion for all. God has a long memory for those who betray Jesus‚Äô teaching. Repent.",cyberbullying
@teddyboylocsin @tweetybird2009 @PatVPeters Mohammed was an imperialist that led 17 major military expeditions. ISIS is imperialist.,cyberbullying
"2/2 That's the difference between a terrorist nd a history sheeter criminal..But again i didn't expect common sense from u, so it's fine. No tactics can downplay radical Islamic terrorism nd islamist ideology that's all...Yes filth nd violence has a religio.....sshh",cyberbullying
@sweden I think Daesh are rejected because they are an embarrassment.  But they follow the Quran and Sunnah to the letter.,cyberbullying
"@AhleFars And you can only get highly educated people out of a free modern society, not a 7th century one based on superstition.",cyberbullying
"@_enzk @SumbelinaZ @IronmanL1 @Hatewatch For example, 80% of all civilians killed in Afghanistan are killed by Taliban.",cyberbullying
Why not a Chinese person. A Muslim. A Scottish person. A real woman .or even a gay person. You knobs need to stop idiots,cyberbullying
"Hey @PeteButtigieg You can't say it's ""immoral"" for Christians not to support radical environmentalism when you support killing children in abortions up to birth. Until you stop supporting abortion you have no moral authority. http://bit.ly/2Lp3Sta",cyberbullying
"Terrorist Criminal Minds are Violent Minds Both, Criminal &amp; Violent Minds are defective &amp; Sick Minds inspired by #Quran &amp; #Islam World must unite soon to eliminate terrorists &amp; terrorism to ensure Peace &amp; Welfare over World #Muslims #ISIS #ShamimaBegum #UnitedKingdom",cyberbullying
@Ammaawah @jm111t All you are doing with your verses is proving sexism in Islam.,cyberbullying
"Who said anyone of you cam judge another persons level of Muslim. Its actually pathetic to think you can decide who is and isn't muslim. Its that disgusting arrogant attitude that turns people away in the 1st place. Keep going, idiots.",cyberbullying
@NNdabbour64 And I would never go near a country with blasphemy laws.,cyberbullying
@NGPoliceForce your daily jihad crimes against Humanity @IntlCrimCourt in jail your end with bloody Tyrant @MBuhari before poors now igbo billionaire in ethnical cleansing for OIL Igboland @POTUS @SecPompeo stop this Monster and look if finance Jihadists ,cyberbullying
"Yes Osama Bin Laden was also struggling for truth that how America is so rich. Bagdadi was struggling for truth that how world believe in humanity. Muslim like u is shield for terrorist, that is only Jihad... Ting se le ke tong, ting se le ke tong !!!",cyberbullying
Please don't use the word Jihad for such brutal actions. These actions have nothing to do neither with humanity nor with Deen. I even doubt their humanity. They are terrorists and this is an act of terrorism and brutality.,cyberbullying
Were you born as an idiot or did u achieve it recently? Open ur eyes and see how these muslims are harassing women of their own community for buying things from Hindu shops.,cyberbullying
What do u expect?? They support Radical Islamic Terrorism... As Trump calls them 'Fake News' they belong to...,cyberbullying
@Vandaliser @sajid_fairooz @IsraeliRegime There are no Jews in Saudi or many of the Gulf states because the Muslims exterminated them.,cyberbullying
"RT @ElConfeti: SSSSHHH!  The silent Muslim majority, remains quiet. http://t.co/y2YldDW8qt",cyberbullying
"Today u shd b n shame bcRadical Islamic Terrorism kills Innocent , destroy d family. Why nt u post a play card Islamalic Terrorism Kill Jan",cyberbullying
i‚Äôm a white christian woman. i believe in abortion. i am pro choice. why? because women have the fucking right to choose without someone‚Äôs religion getting in the damn way. separation of church and state. pipe the fuck down you arrogant asshole. you‚Äôre giving women a bad name.,cyberbullying
RT @riwired: .@HillaryGuess That pleased Hitler. Grand Mufti provided Hitler w/ armies of Muslim soldiers from Europe. #Tszarnev @VileIslam‚Ä¶,cyberbullying
Nothing that happened can be justified idiot. But don't expect peace in response to blatant murder. Do you see what's happening in USA? In the last tweet you said Muslims were killed and conveniently forgot Hindus. Now it's Anti Human. Waah. Too much prejudice here. I'm done.,cyberbullying
@CamilleHughes16 @_Watch_Observe_ That's like saying that my freedom is limited if I'm not allowed to kill you.,cyberbullying
@DianH4 Another cheap Muslim lie. Give me proof of any Muslim that was punished for not being kind to the slave girls they raped.,cyberbullying
She is an amazing journalist! The radical Christians here have no room to speak about any other religion. They are such hateful people. I do not support this at all. India doesn't belong on that list and it is an insult that it is on there. I'm sorry,cyberbullying
Yes I can also read write and understand Arabic & Quran that says spread Islamic terrorism that's why you create ISIS and Osama. I don't need to learn about my religion from Islamic terrorists like you. You mind your own religion &amp; don't interfere like a Terrorist into mine,cyberbullying
Because one of you idiots said Obama was a Muslim supporter so I assumed it mattered.,cyberbullying
"I you wish I can send you many similar pics from your Army who were living in hell and went straight there,if you were capable of ruling hindustan than it was not ruled by muslims for 800 years idiot",cyberbullying
"When terrorists are killed Isis Hamas or Islamic Jihad, there is a kid of internal satisfaction as there are fewer evil people, anyone who kills these type of terrorists is a hero for humanity",cyberbullying
"bro they‚Äôre still going...muslim twitter sucks ESPECIALLY the women, at least the men you know are idiots, but the women act stubborn and say ‚Äúthere are speeches given by sheikhs, i don‚Äôt need your advice‚Äù or something like that and continue to act like they‚Äôre in the right",cyberbullying
@IAmThe1Teacher @IronmanL1 @stevecorrales80 And yet it is a law of Islam and 1/3 of Muslims support that law. But you tell me to tolerate em,cyberbullying
"True idiots. Who you gonna call for help? Blm, cair, Muslim brotherhood or the black panthers. I hope all the good people can get out, but leave your liberal bull shot behind.",cyberbullying
"He is. Those people who condemn him aren‚Äôt proper Muslims. Look at ISIS, the Quran specifically says not to kill other Muslims and not to destroy religious artifacts, so when people go ‚Äúthe Quran causes ISIS and other terrorist groups to exist‚Äù they don‚Äôt, they go against it.",cyberbullying
"No you idiot,Muslims don't say meat is essential,we all do.And that's coming from a sinhalese Buddhist.And what you're doing is literally trying to force your beliefs on a society...how can you not see that???",cyberbullying
NO OWNERSHIP !!!! He was raised by a powerful black Christian woman that taught him to do right by women. A lot of men need to take heed and be responsible like snoop .. #iamforsnoop,cyberbullying
As is only right for a Christian woman.,cyberbullying
"If I ever meet you, I‚Äôm buying the ice cream (I assume as a Christian woman you do like ice cream right?!?)",cyberbullying
To RESTRICT Jihadis-Terrorists CONSPIRING Ghazwa-e-Hind Dar-ul-Harb JIHAD against Hindus-Hindutva-Hindusthan-Humanity&gt; their r RAKSHAK Hindus-Hindusthanis to PROTECT Maa Bharati BUT always backstabbed by Aalsi-Laalchi-Secular-Ignorant-Selfish HINDUS&gt;Before JIHADIS&gt;ELIMINATE them,cyberbullying
"Pagan woman: matted hair, dirty face, titties out. Wailing singing voice. Communication minimal. Might crawl on the ground defensively. Christian woman: Either matronly or virginal. Pale, clean skin. Songbird. Inquisitive, always does whats right, but ignorant of ""men's matters"".",cyberbullying
"Well put it like this, when I was going every Sunday. My heart mind and body was religious. I met a ‚ÄúChristian‚Äù woman. She told me she had sex with the pastor. So just can‚Äôt get my mind right going back. Take your time.",cyberbullying
Muslims figured out slavery way before you white people. We would buy slaves and set them free and give them equal chances. In a world where white people made it alright to own black slaves our religion and government had it figured out 1400 years ago. Educate yourself idiot.,cyberbullying
"You Idiot how on Earth is that the same thing, they were Muslim extremist not fighting for equality and the brutal death in which an officer was confident he would get off regardless of being on camera. You disrespect Lee‚Äôs name by even trying to compare",cyberbullying
I always support all cultures and religions However I draw the line when it comes to Radical Ideologies posing as a religion who thrive from Killing Christians Support Practicing Terrorism Raping Children Bashing women Burning our flags and attacking patriots etc,cyberbullying
"Terrorist thinking and one who attacks humanity in the name of Jihad will not be spared,",cyberbullying
"Who will explain the context to the terrorists and the people in ISIS? If it is written ""those you don't believe in our verses"" It is as straightforward as it can get, what explanation do you want. And if there is a context problem amend quran with the help of islamic scholars",cyberbullying
@truaemusic ...have some PC pandered tell me to accept a cult of hate.,cyberbullying
You clearly didn‚Äôt understand what I said. Islamic terrorism doesn‚Äôt exist because it doesn‚Äôt exist in Islam. It‚Äôs just terrorism. ISIS was literally created because of the US and UK and ur here screaming Islamic terrorism? Read a book u uneducated swine.,cyberbullying
When u don't have dare to tell Islamic terrorism then u say bhakts... wow,cyberbullying
not even sure he understands what he just rambles about. everyone has a right to their own opinion. myself as a Christian woman feels he has disrespected the presidential office more than all the others &amp; their scandals combined.,cyberbullying
"Your thoughts, your prayers and good vibes are appreciated. So much support has already been shown. Faults and all, she was a loving, Christian woman who did her best to love and raise her boys right. She did a fine job. See you again in paradise one day, Mama. I love you.",cyberbullying
RT/Gangs/Terrorist//Borders/Marxist/Police State/Corrupt/Jihad/Disease/Disaster/Humanity Depends On Conservative Vote,cyberbullying
This seems to pure bakwaas. Do you think Muslim generals were so naive and idiots that they can be fooled by such a practice? Fictional stories like these dent credibility of such portals ..,cyberbullying
These extremist evangelicals have hijacked the Christian faith and distorted the Bible teachings 4a an extremist polit√≠cal and personal agenda. The same way ISIS and Muslim terrorist groups hijacked the Muslim faith and Quran. Neither group represents the true faith,cyberbullying
Abe laudo suar Maurya empire was started from Indian state Bihar and whole south Asia was one country Bharat south Asia was part of Bharat bhikhari porkistani illiterate people that the reason u r becoming jihadi terrorist Islamic terrorism,cyberbullying
"@ibnHlophe @eeviewonders @CTFleaMarkets Yes, it's murder for a fraudulent god.  If every religion used your excuse mankind would be dead.",cyberbullying
#Kashmiriyat Jihad is a blot on humanity. Libtards giving cover fire for monetary benefits are worst than terrorists. https://twitter.com/ksunjai/status/884978858000355331,cyberbullying
"Thousands of Indians, both Muslims n non Muslims r getting far far far better treatment with high quality food n diet than in India. Have you seen a single video of Indians abroad complaining of police brutality, lack of food, treatment? Idiot.",cyberbullying
What about the demographic change of kashmiri pandits by Islamic terrorism. Kashmir belongs to also pandits and they want to be with India. If you want azad kashmir then u can shift to POK azad kashmir.,cyberbullying
Too late for crying. He has radical support from christian groups.,cyberbullying
"And, Sikhs were out there mopping #masjid for #muslims and holding #iftar parties on #gurudwara grounds. Thank you to this idiot #islamic attackers for repaying back the great deeds of #Sikh community.",cyberbullying
"I'm a muslim,our religion doesn't tell us to go kill people, its the opposite that it tell us. These weird idiots that call themselves ""muslims"" and kill people are absolutely no muslims AT ALL.Islam tells you to live in peace with other religions, opinions and don't push others",cyberbullying
RT @davidjones720: OBAMA and his love for golf is greater that love for CHRISTIANS or Jews ! http://t.co/LludcU5jSP,cyberbullying
U r right about kalam.But believe me 98% of muslims r not follower of Kalam sahab.But 99% of hindus like him.98% of muslims r follower of radical islamic terrorism,cyberbullying
Indian Muslim's are already Indian citizens you idiot. It shall not affect/snatch the rights of Indian citizens. Don't propogate rumours. Read the text yourself.,cyberbullying
"Yeah so she's right? You sound like an idiot. Her point is that 9/11 led to discrimination because ""some people did something"" but a much wider group of people (all muslims) were persecuted for it.",cyberbullying
"This is why many super rich who are control/power hungry support him, and also how he can use radical Christian and other hate groups who also desire domination and control others. They like the idea of a dictator who will help them pretend to be superior.",cyberbullying
"Have you ever been to a MADARSA idiot. You won't find lathis, swords &amp; trishuls there. I challenge you, choose any Madarsa and your time, carry out a surprise raid &amp; then if you don't find anything objectionable? You want to uplift Muslims? Bl00dy Idiot, even #Puncturewalas, 1/n",cyberbullying
Your colleague sprees hate and contempt for Christians and Jews. She praises Radical Islam and wants us to fall in line. You and your colleagues are a disgrace for supporting someone like her. We support Muslims but not Radical!,cyberbullying
If you had read my timeliness you would have seen that not only i'm a MUSLIM but I don't deal with idiots like yourself. You are too dumb to have any intellectual discussion Name calling is a sign of low emotional intelligence and yours is in the sewer.,cyberbullying
"so long as they ain't a jew, christian, woman, or any of the other things you guys don't like, right?",cyberbullying
And what about your Islamic terrorism in all over the world...Islamic terrorism destroyed peace in whole world and u talking about peace in India..,cyberbullying
r u saying there is no Islamic terrorism?,cyberbullying
So at the very least you‚Äôve confirmed that you think a piece of cloth is more important than social justice and that you support anti-LGBTQ radical Christian groups. Sounds like someone our country can get behind.,cyberbullying
"Never been to Nagpur !! Per Duniya Ghum lee hai Maine , and Believe me saare Sansaar ke ek hi problem hai aur wo hai Islamic Terrorism , don‚Äôt take it personally, it‚Äôs not for u Man",cyberbullying
"Kaffir means non believer, so if you're not a muslim you're a non believer and therefore you're a kaffir. Idiot.",cyberbullying
"@semzyxx Your prophet was a low life murdering, raping, robbing, bigoted, sexist, pedophile.",cyberbullying
I was literally 6ft tall all through high school and was never once bullied (to my face anyway idk) because I was a Big Bad Bitch and people in my grade/below were scared of me and the older grades didn√¢‚Ç¨‚Ñ¢t give a fuck so. Tall Girl isn√¢‚Ç¨‚Ñ¢t that realistic,cyberbullying
@PBandJenelley_1 @memory232323 @classy_carmenm blunt?? you are the biggest liar ever &amp; a sorry ass mom..that's why people don't like you,cyberbullying
I'm glad to see all the bullies I loathed in high school finally got jobs. (I guess the mob didn't want them.),cyberbullying
Except... I wasn√¢‚Ç¨‚Ñ¢t a mean girl in high school. I was habitually bullied by the mean girls and I√¢‚Ç¨‚Ñ¢m a nurse... soooo,cyberbullying
this looks fucking ass cheeks ngl im finna bully you if you wear this shit at school,cyberbullying
GIRL I know. I truly wouldn√¢‚Ç¨‚Ñ¢t care if I didn√¢‚Ç¨‚Ñ¢t hear from my high school classmates again. They bullied tf out of me but bc I was still in between √¢‚Ç¨≈ìpopular√¢‚Ç¨¬ù &amp; √¢‚Ç¨≈ìweird√¢‚Ç¨¬ù they wanna play friends now. UHHH NO THANK YOU. I√¢‚Ç¨‚Ñ¢m better off.,cyberbullying
Twitter is a verified account looking at my school afte and i hate my friend is also called nuns and i hate my friend is also called nuns and i hate my friend is also called nuns in the franxx is high becuase thru the one who bullied u said those girls be like a thing I just woke,cyberbullying
i really used to let people in CARGO SHORTS bully me in high/middle school. the fucking audacity.,cyberbullying
keep thinking abt pride when cailey and i were waiting in line for the atm some girl started ranting abt being bullied in high school and how she wanted them dead and then asked for a picture with me ? what was that,cyberbullying
VBJHDNKDSHBJNK WHY DID I LET MYSELF GET BULLIED BY THIS GIRL IN HIGH SCHOOL SHE'S SO UGLY LMAO,cyberbullying
Wow some girls should√¢‚Ç¨‚Ñ¢ve been bullied in high school cause they really think they√¢‚Ç¨‚Ñ¢re something else lmao...,cyberbullying
this is petty but one of the girls who bullied me in high school has a super ugly baby :),cyberbullying
i was bullied in high school and i√¢‚Ç¨‚Ñ¢m going into nursing school i wasn√¢‚Ç¨‚Ñ¢t a mean girl except for this one friend who would fight w me all the time,cyberbullying
Often school sh**ters are bullies rather than the bullied,cyberbullying
"EDUCATION NEEDS TO CHANGE FIRST AND FOREMOST! For this little girl to say something like that,shows that there is a high possibility that she got bullied bcs of her skin or beauty.kids need a higher educational system and many teachers to be properly evaluated bf getting the job",cyberbullying
"//Okay, twitter is deleting/canceling my posts and dms. I am waiting until that shit becomes fixed before writing another reply. Hoping that THIS tweet is going to be sent. Have a good day, my dear sluts.",cyberbullying
a girl that bullied me all thru high school just messaged me on facebook and asked if she could borrow $20 i√¢‚Ç¨‚Ñ¢m so confused,cyberbullying
"Coward and selfish person, yes. But then, this same coward and selfish person lost his crush (probably the only girl he has ever fallen in love with) to his high school tormentor. James and his gang bullied that guy to the point of him losing his self-esteem.",cyberbullying
"13) Last year of high school, I was at an all girls school, our choir sang with the choir at the nearby all boys school, we bonded over almost everything. My traumatized depressed bullied self learned how to love because of him. Sadly we aren't in touch anymore...",cyberbullying
Seabreeze High School: Justice for African American Special Needs Student - Bullied by Savannah and Chelsea - Sign the Petition! http://chng.it/Wcp5Sfkp via @Change Get these girls EXPELLEDDDDD!,cyberbullying
Norway is the worst country to ignore violence and bully in kindergartens and schools.,cyberbullying
This woman on Love It it List It talks just like that woman in that √¢‚Ç¨≈ìthe girl who bullied you in high school getting married√¢‚Ç¨¬ù TikTok,cyberbullying
Also let√¢‚Ç¨‚Ñ¢s talk abt thrift store saoirse Ronan in the first and the girl on the left in the third who probably would√¢‚Ç¨‚Ñ¢ve bullied me in jr high but can get it now....,cyberbullying
"Commended & to all who can & are wearing one. Its getting out of hand in some quarters towards bona-fide peoples who are except, like me. I have a history from school, army &amp; life of not tolerating bullies, which the mask issue is bringing out. Hopefully all will calm down soon X",cyberbullying
"i√¢‚Ç¨‚Ñ¢ve been bullied by peers + adults for most of my life. i was too smart, really easy-going, chatty, high NRG, didn√¢‚Ç¨‚Ñ¢t respond to adults abusing their authority, i was boyish &amp; preferred pixie cuts over long hair, too loud for a korean girl &amp; i hung out with black &amp; brown kids.",cyberbullying
is it rude of me to say that i kind of hate how harry styles is now a 'hype' in my school and every girl listens to him while they used to bully one directions fans? i'm one of the only one with concert tickets and everyone was rude af to me at first but they're all jealous now,cyberbullying
I don√¢‚Ç¨‚Ñ¢t even know this girl but she bullied me in high school.,cyberbullying
"Got bullied in middle and early high school because I was always accepted by the girls and spent all my time with them but I didn't enjoy ""guy talk"" with the guys my age. Funny how that turned out.",cyberbullying
"Stan Twitter has turned into middle school bullies, it used to be fun and memes and for people who aren't super sensitive but now its literally a chaotic and toxic mess",cyberbullying
conventionally pretty girls love to say they were bullied in high school! maybe u were annoying !,cyberbullying
S/O to all the girls that bullied me in high school &amp; made me feel like I was less of a person for no reason. You √¢‚Ç¨≈ìmean girls√¢‚Ç¨¬ù made me into the successful woman I am today.,cyberbullying
Hello I will explain. ok so basically Kurt had to change schools bc of a bully. so in this new school he met Blai√¢‚Ç¨¬¶ √¢‚Ç¨‚Äù jskkskdkd so much i fo to fit into a prompt but i will try,cyberbullying
there was a girl in my high school who bullied someone so hard that they started doing coke but everybody think she√¢‚Ç¨‚Ñ¢s a saint because she√¢‚Ç¨‚Ñ¢s attractive and gay,cyberbullying
girl on the right looks like she bullied me in high school why are these people nurses,cyberbullying
"Just found out that the white girl who bullied me all throughout high school is now pretending to care about black lives. Some people are shameless, y'all.",cyberbullying
"I have personally known 4 guys that became cops. 3 from high school, 1 was a typical bully and the other 2 were bullied/picked on. All 3 had domestic violence issues. The 4th guy was a fellow soldier and he too fell into the bully type and also had domestic violence issues.",cyberbullying
"Bill Barr is from the School of Bullies..., if you speak loudest and overtop of everyone else..., you win.",cyberbullying
"I loved school, and yes, I had my share of bullying. But in those days, if you got sick of being bullied, you could pound those bullies to a pulp without worry of sanctions.",cyberbullying
"Hell no honestly, & well it was just weird bc girls &amp; ppl that bullied me suddenly acted nice to me &amp; acted as if literally nothing happened at all when it was later on in high school like what",cyberbullying
"-replied to my moms comment with ""really? when i was in junior high these two black girls harrassed and bullied me everyday and there was also this black guy who wouldn't leave me alone"" blah blah blah etc.. and like.... what the fuck is your point??? bla",cyberbullying
Donald Trump says it's illegal to bully. where are the bitches from middle school that made my life hell,cyberbullying
He is trying to bully the school system trying to bully governors to open up their schools Donald Trump is like Satan his quest for blood and murder is a never-ending one sacrificing or trying to sacrifice our children for the sake of his re-election,cyberbullying
C Battery @High School Bully; 9 Volt @Cowboys Fans; AA @a Mummer in Blackface,cyberbullying
"Saw a post about looking up your school bully and decided to do it. I had emotionally abusive parents, was in a bad place, and she didn't help. But now she supports animal welfare and seems to be a decent person. I needed to see that and to forgive her for me, not her #bullying",cyberbullying
this boy that bullies me is going to the same school as me:( wish me luck,cyberbullying
"hey! to anyone reading this, it is completely false. madison is the furthest thing from a bully, she didn't even attend high school, she was homeschool since she was 12. and if she did do anything shitty before the age of 12, she was a literal KID. this is absolutely insane.",cyberbullying
So are most the pros. Great to be a bully in high school. Still need to show he has better than above average in college. Not impressed.,cyberbullying
I literally have a manager that is proud of being a mean girl. She would literally talk about how she bullied and hazed girls when she was in high school and college like it√¢‚Ç¨‚Ñ¢s an achievement like..,cyberbullying
100% Bin Laden√¢‚Ç¨‚Ñ¢s like those kids at school who bully people on Facebook and then don√¢‚Ç¨‚Ñ¢t come into school the next day,cyberbullying
That's a valid view but there are other valid views too. One of which is that the way to stop racist bullying in school is to exclude racist bullies. This is a place for debate and discussion and challenge and nobody sets the rules (beyond some very basic ones).,cyberbullying
"the way she talks is giving me positive vibes only but i bullied ""weird"" girls back in high school energy",cyberbullying
"In high school, I was bullied for the way I dressed (dark/boyish clothes) &amp; for having more friendships with guys than girls. Ironically, it was mainly girls who would pick on me",cyberbullying
You√¢‚Ç¨‚Ñ¢re like that one girl in high school that stood up for the kids getting bullied. I love ya,cyberbullying
"Don't follow. BBC were forced into agreeing that any provisions for the over 75s would be their responsibility one way or another. That is not ""agree to fund"". From where? This whole thing is like the school bully telling some kid he agreed to stick his head down the toilet.",cyberbullying
The light skins that bullied darker girls in middle/ high school are upset. Now they screaming they got bullied too. Girl I know you remember high school. Pls shut up.,cyberbullying
"OUCH! That was be a blast to go back to high school though! Except when I got bullied by this girl named Jenny Madden, what a bitch! I√¢‚Ç¨‚Ñ¢d do anything to go back in time and fuck her shit up! And yes, i√¢‚Ç¨‚Ñ¢m intending rape. LOL! This is her if I catch her at a party",cyberbullying
The tall girl in my year in high school was mocked a lot and her nickname was big bird. It√¢‚Ç¨‚Ñ¢s hard enough being a teenage girl but tall girls are often looked on as a bit freakish and bullied for it. Seeing other women fail to understand that is annoying.,cyberbullying
The incompetent Minister of Health @shandro has very poor impulse control. Abusive bullies promoted by @jkenney who virtue-signals about decorum but then leads like it's a grade school recess. #abpoli #ableg #UCPcorruption,cyberbullying
"If I tell others that I'm pretty and bully others like high school popular girls, it'll make me better right? Um no, hun. Bullying just makes you a scuzzball. Treat others how you wanna be treated.(sorry I've been watch this POG champ post for a while, what a human turd.)",cyberbullying
what if the school bully knew martial arts,cyberbullying
"Cortez is a hate crime against all men - anti male feminist misandry from gold digger Cortez: She acts like a cry baby in the school yard, blaming the bully boy with lies promoting herself &amp; motivating bias against the boy-this ia an attack on all boys @POTUS @HouseDemocrats",cyberbullying
Some more artwork for the game/novel I'm working on from @koaladesignss Maya Dumars- Principal of Dahlia High Connie Young- A young girl with mysterious health issues Max Diller- Drug addict/burnout Chris Fuller- Bright young kid who is constantly bullied,cyberbullying
Im British and them talking in this video sounds like those typical high school bullies you hear in movies am I the only one?,cyberbullying
"Ubisoft Quebec was a bad scene it was like being bullied in middle school, except bullies in middle school don't wield an HR department like a club with nails.",cyberbullying
And now it just depends which party he belongs to. They never liked the cut of Jeremy's anorak. The sort thing a school bully would pick on. Meanwhile the rich clique do as they please.,cyberbullying
Only a small thing but I saw him mimic a disabled journalist. Only the dimmest nastiest school bullies do that,cyberbullying
"Yep, that's the case for several girls I met or know. Some go the other way and consciously copy everything they can to be the ""best"" at high-status hyper-femininity things so they become too cool to be bullied. Almost become a trend setter so people copy them instead.",cyberbullying
no bullies in my mentions,cyberbullying
"Everyone agrees that the playground bully in grade school is *always wrong*. But once everyone gets a bit older, so few are brave enough to stand up to the bullies in our Culture today, even though they are still *always wrong*. The loudest, most violent &amp; aggressive-&gt; THE LEFT.",cyberbullying
"1st Eritrean-American @RepJoeNeguse schools Bill Barr on Truth vs. Lies You are going to have a great public service career, Sir! Keep standing up to bullies like Bill Barr",cyberbullying
unironically love the name butch tbh. school bully but make it fashion,cyberbullying
Funny how these bullies from school have ended up in such shitty places. Karma is a thingggg,cyberbullying
people who bullied me for being an emo weeb in middle and high school making eboy/girl tik toks to edgy music now,cyberbullying
"The way that every pyramid scheme girl was a bully in middle school. Bitch I dont want your hair oil, I want an apology.",cyberbullying
Barr was a notorious mean bully in high school,cyberbullying
my gay awakening was probably the girl i kissed in 4th grade but i was bullied so bad in grade school that we repressed that real quick and did not address my gayness again until high school,cyberbullying
"Michelle Obama graduated Harvard law school. Here are a few of her accomplishments. Melania is a porn star, who pays lip service to anti bullying, whilst her husband continues to be a bully. Nice try though.",cyberbullying
"Movie is a high school drama about HandUnit and his trouble fitting in. After being bullied, he blows them up with his laser eyes. Then a sweet young girl then falls in love with HandUnit and the begin dating. You may be wondering who he is dating. Her name, is Exotic Butters.",cyberbullying
"I made the mistake of wearing sweatpants to school back in middle school. I was already picked on for being the tallest and gangly as hell. Long story short, my bullies decided to pants me. Jokes on them though as they got a black eye.",cyberbullying
The people who used to bully me in middle/high school are congratulating me,cyberbullying
#WhyIDontLikeTrump ... everything. He's like that bully in school that got in everyone's face and was stupid as hell,cyberbullying
I remember the three years I spent in that girls' school. Those senior bullies were terrors. I'm forever proud of every single prank and mini punishment I pulled on them.,cyberbullying
"It√¢‚Ç¨‚Ñ¢s been my belief that a sizable chunk of cops were overly sadistic bullies in high school. The meting of violence is a drug to them. In HS, there are, for the most part, no legal consequences for bullying. After HS, becoming a cop is the only avenue for bullying with impunity.",cyberbullying
I got bullied for not wearing make-up in high school like all the other girls and having a German surname. Everything that happened to me then made me who I am now though and I love me,cyberbullying
"Dear Luca, bullies are just jealous of you for maybe your personality, intelligence, looks or popularity.There√¢‚Ç¨‚Ñ¢s something you√¢‚Ç¨‚Ñ¢ve got that they√¢‚Ç¨‚Ñ¢d like to have.Don√¢‚Ç¨‚Ñ¢t let these nasty kids get the better of you.If they don√¢‚Ç¨‚Ñ¢t stop get the school to sort it",cyberbullying
LEAVE ME ALONE! Dumb fuck RT @NegroBot1: @jenndoom Niggers are a great source of potassium!,cyberbullying
"√¢‚Ç¨≈ì@applecheeksxo: Wait what RT @tayyoung_: FUCK OBAMA, dumb ass nigger√¢‚Ç¨¬ù wow. you're a fucking disgusting human being. holy shit.",cyberbullying
 these hoes like niggas that spend money not talk bout it ,cyberbullying
Sum black ppl are soo stupid darkskin lightskin to other races ur still a nigger remember that u dumb fucks,cyberbullying
"@TheRebelTiger , @TheFantasyNinja , and I were at an arepa spot when I went to check on my order. While I was inside, a white person chatting with whom I assumed was his Black friend called me over. He had on Air Monarchs, but I saw a negro in distress so",cyberbullying
No dumb ugly nigger name Wayne Positive trash soft ass nigga fuck red and white pic.twitter.com/I6aIEnKUbS,cyberbullying
ARE YOU DUMB THE ICECREAM TRUCK SONG √¢‚Ç¨≈ìdo your ears hang low√¢‚Ç¨¬ù IS RACIST. ORIGINALLY CALLED √¢‚Ç¨≈ìNIGGERS LOVE WATERMELON√¢‚Ç¨¬ù BY HARRY C. BROWNE IN 1916. i√¢‚Ç¨‚Ñ¢m ready to get the FUCK.,cyberbullying
"@_Valencia123 fuck you, fucking dumb hoe bitch nigger -.-",cyberbullying
Dumb ass messican foos throwing water at random black people listening to black people screaming out √¢‚Ç¨≈ìfuck niggers√¢‚Ç¨¬ù ? Yeah okay,cyberbullying
"I can only remember what happened in my past life if I written it down at the time or it is in old messages Anything before I was 12 I blocked out of my mind and it is all a blur, I can't remember anything it's all black to me",cyberbullying
who the fuck just favorited that? must be a dumb fucking nigger,cyberbullying
RT @SwiftOnSecurity: Kids these days will never know open WiFi with everything going over HTTP. And net send. Oh my god. net send. What glo√¢‚Ç¨¬¶,cyberbullying
Really??? Ignorant RT @Colton_Zappe: Fuck that dumb nigger Obama,cyberbullying
"Fifty years ago I got a lecture about don't say ""negro say black"" 'cause it sounds like the n word. Now, I guess it is African America. Have you ever even been to Africa? I've been called white (also cracker and honky) and it has never left a bruise.",cyberbullying
"Why the fuck would someone say ""fuck nigger"" because Murata lost? Fucking Dumb ass Japanese blame the judges not the opponent dumb fuck",cyberbullying
Saw My Lil'Nigga @DopeShitt__ Dis Mawning !,cyberbullying
"twas 'airspace issues'...such as you nigger bitches sending troops into an area that has already warned you and said they DO NOT WANT #WWIII SO, DUMB ASS NIGGERS IN THEE us of #AMERICON government... DO YOU THINK #RUSSIA GIVES A FLYING FUCK ABOUT THE ORANGE/YELLOW NIGGER??? #NO",cyberbullying
"I am Black, and I only like to be called by my birth name. It is not acceptable to be called a Negro or any other variation of the word N****r. When classifying such as Caucasian or white, refer to me as Black or African American.",cyberbullying
Just drop one single first naw missed ur sound,cyberbullying
"THATS RACIST DUMB FUCK ""@goshawty123: black people who still think sayin nigger is racist , get a fucken life .""",cyberbullying
Fuck you dumb nigger @BarackObama you should do the fucking pipeline you worthless shit,cyberbullying
"It's not Mashabas tweet that's the problem, it's the way blacks on twitter do their knee-jerk defence of any black man who does any violence to any white man. SA blacks' hatred of whites exceeds anything justifiable by the past. You can't argue with a fool. He has his own logic.",cyberbullying
@BroConfessional @Asheton3195 weak as fuck LMAOOOOO this dumb ass nigger actually thought the goldfish could speak?,cyberbullying
Fuck red &amp; white dumb nigger name wayne positive trash soft ass nigga White &amp; 0range pic.twitter.com/ho08sNi65u,cyberbullying
"Why tho? √¢‚Ç¨≈ì@tayyoung_: FUCK OBAMA, dumb ass nigger√¢‚Ç¨¬ù",cyberbullying
@_Anastasios_ dude shut the fuck up you look like a pedo and lol you're a dumb ass bet you don't even know what the word nigger means?,cyberbullying
@Dobey_Dobin dumb nigger I have an iPod so fuck u but u can also fuck me if u want,cyberbullying
"√¢‚Ç¨≈ì@tayyoung_: FUCK OBAMA, dumb ass nigger√¢‚Ç¨¬ù hang yourself",cyberbullying
Do you think it√¢‚Ç¨‚Ñ¢s a brainwashing exercise ??? Have you seen Black Mirror? I wouldn√¢‚Ç¨‚Ñ¢t put anything past this corrupt cabal,cyberbullying
"1) I√¢‚Ç¨‚Ñ¢m not white 2) Latinx is not a race. It√¢‚Ç¨‚Ñ¢s an ethnicity. 3) in Central America, black people are called Negro or Negra, Morena, or Prieto. I don√¢‚Ç¨‚Ñ¢t go around arguing for that Latinx people call black people Afro-Latina/o. 4) Latinx is the anglicization of the Spanish language",cyberbullying
white people did not invent nigger...this dumb fuck should not be defending something he knows nothing about,cyberbullying
"If you vote republican, you're a dumb ass... nigger RT @DominantMind Fuck Obama! Yea, Im black. What now nigger? #burn",cyberbullying
"I wanted to read the rest but I read ""white"" and I immediately knew it's gonna be about race and he shouldn't win it cuz he is white... Racism is not just about whites hating black or other colored ppl.. Any time u bring someone down and the reason is skin color u become a racist",cyberbullying
RT @Hazz90TRH Wtf is wrong with all you dumb Ass niggers plankin it whatever the fuck its called don't you the white man laughing smh,cyberbullying
√¢‚Ç¨≈ìyou chose to be born as a √¢‚Ç¨Àúcolored√¢‚Ç¨‚Ñ¢ person in America√¢‚Ç¨¬ù what does that even mean? how does someone choose their skin? why does it sound like she justified racism? √¢‚Ç¨≈ìtake responsibility. you chose to be black in America. it is what it is. poverty exit lol u call that a problem?√¢‚Ç¨¬ù,cyberbullying
"He was so quick to play all noble and how he detastes racsim but when one of his employees was called a negro, he said its not a major issue and swept it under the carpet. But when I defend myself against a white man, he dismisses me",cyberbullying
"Get em ""@Mz_MODLyani_: Imma need @PURDYdidit to ride dis hoe!!! lol! RT @tayyoung_: FUCK OBAMA, dumb ass nigger""",cyberbullying
I looked it up and I don't know he had done anything else racist in the past. you definitely aren't wrong. He needs to get it over with and apologize .,cyberbullying
"I think that hoe madddd ! Lmfaooo awwww RT @DrizzyDashDrake: So You Mad Bitch ""@tayyoung_: FUCK OBAMA, dumb ass nigger""",cyberbullying
Ppl sooo dumb. I bet it was the same little boy her birth dad would call a NIGGER. Fuck yall defending her for ? pic.twitter.com/5Nlc2CIPiU,cyberbullying
"Yeap you're gonna kill yourself this year! RT √¢‚Ç¨≈ì@tayyoung_: FUCK OBAMA, dumb ass nigger√¢‚Ç¨¬ù",cyberbullying
"I just KNEW there'd be a lot of morons out there tweeting about Niger. Hey fuckers, that's a country in Africa. Dumb fucks.",cyberbullying
white ppl do not kno how to fully communicate thee Earths root powers called North LaMerika. neither can a maimed negro. esp not an immigrant.. their blood / mind is incapable so who tf should u mfs b getting the NUs from when it comes to this climate ?,cyberbullying
"But he's the President doe √¢‚Ç¨≈ì@tayyoung_: FUCK OBAMA, dumb ass nigger√¢‚Ç¨¬ù",cyberbullying
The black death will NOT spread anything like it did in the past. 1. We know how it spreads 2. We have antibiotic treatments 3. Patients can be properly quarentined to stop spread,cyberbullying
"Me and cerebral were driving and some dude on a bike yells ""fuck u nigger"" cerebral almost ran this dumb ass over",cyberbullying
"(Acts 29:20490) BY none other than Satan, who is the great dragon, that old white snake serpent called the Devil and Satan and Lucifer and Jesus Christ, see Revelation 12:9, and they made ""babies"" by God's divine dark skinned ""Golden"" Negro Hebrew women on this world which they",cyberbullying
Nigger means ignorant so i guess that you @Jay_Martin504. Cause this bitch dumb as fuck.,cyberbullying
"@tayyoung_: FUCK OBAMA, dumb ass nigger",cyberbullying
Mind blowing & disgusting that racism and anti-blackness is actually so normalised in our society to the point that an Italian court could decide that it is acceptable to refer to a black woman as a √¢‚Ç¨≈ìnigger√¢‚Ç¨¬ù. Yet there are still people that believe racism is an American problem.,cyberbullying
"Hahaaaaaaa!RT @OhYouFancyHuhFB: Hahaha yurrr maddddd RT @tayyoung_: FUCK OBAMA, dumb ass nigger",cyberbullying
@squeekovic how the fuck am i dumb? 'Tot' nigger is thot,cyberbullying
But... he√¢‚Ç¨‚Ñ¢s right. Atlanta is full of so called shoot em up negros and a Wendys was the best you could do? The hood want respect from everybody but only want to do it to each other and never White Supremacy.,cyberbullying
"If u google systemic racism, youll see POC are more likely 2 be denied housing, bank loans, acceptance into university, denied jobs and go to jail 4 far less then crimes committed by whites. My ""President"" even marked the letter ""C"" for colored to deny them renting apts he owned",cyberbullying
"We can√¢‚Ç¨‚Ñ¢t fix the future if we can√¢‚Ç¨‚Ñ¢t agree on what happened in the past and its effects on today. There are people who refuse to change anything to help black people, because either they√¢‚Ç¨‚Ñ¢re actually racist bad people, or think it√¢‚Ç¨‚Ñ¢s black people√¢‚Ç¨‚Ñ¢s fault.",cyberbullying
mimi dumb as fuck &amp; is no longer a nigger. *takes her nigga card*,cyberbullying
Bitch ass Grizzlies won fuck it it's just some dumb niggers chasing after a ball anyway,cyberbullying
@_bradentaylor_ @ShevinYazel7 @_Devo33 @Raisin_Brann24 bitch you called her a nigger dumb fuck boy,cyberbullying
I wonder how unemployed English majors feel about dumb fucks like chief keef making millions being an ignorant nigger,cyberbullying
Racism within the same race lmao #JealousTweet RT @SammyChampagne U waffle colored niggas disgust me.,cyberbullying
"So ignorant, so sad... RT @tayyoung_: FUCK OBAMA, dumb ass nigger",cyberbullying
√¢‚Ç¨≈ì@somalisarecool: Dead Niggers HAHAHAHHA https://twitter.com/somalisarecool/status/341924793324535808/photo/1√¢‚Ç¨¬ù this is disgusting. From a fellow black &amp; African person? Wallahi I can't,cyberbullying
Go fuck your dumb nigger that's what you broke up with me for ha#dumbfuckinghoe don't want one of those,cyberbullying
"RT @tayyoung_: FUCK OBAMA, dumb ass nigger http://lockerz.com/s/259479884",cyberbullying
"So where was Biden fighting systematic racism for the past 40 years while he was a senator? Oh yeah, he never did ANYTHING to help black people or LGBTQ people. In fact he passed laws AGAINST black and LGBTQ people! YOU HAD FORTY YEARS, JOE. #4thofJuly2020 #4thofJuly",cyberbullying
"RT @juiciicoochii: Yeap you're gonna kill yourself this year! RT √¢‚Ç¨≈ì@tayyoung_: FUCK OBAMA, dumb ass nigger√¢‚Ç¨¬ù the next 4 years to be exact lol",cyberbullying
"Aluta Continua RT @Cat_Montana: There is a special place 4 fucking racist cunts like you√Ç¬ª RT @tayyoung_: FUCK OBAMA, dumb ass nigger",cyberbullying
CRACKER BARREL! The Karen√¢‚Ç¨‚Ñ¢s place of worship! Where managers are waiting to be called to get that negro outta here! Your white privilege is our satisfaction!,cyberbullying
I have one question why only congress MLA ya MP ready for sale ??? Ask ur self first Mrs Shilpi ok,cyberbullying
"I don't need to acknowledge anything. I stand by what I've said. It's not only black people who are treated like dirt so why can't you people see past that. It's not only black people,",cyberbullying
U Brooklyn niggers are working my nerves. Dumb ass outfits. Get it the fuck together plz,cyberbullying
"why would you openly Snapchat your white Long Island father using the word ""Nigger"" in a derogatory manner in your Snapchat story. dumb as fuck.",cyberbullying
"@tayyoung_: FUCK OBAMA, dumb ass nigger &lt;~~~~ is that type of shit really necessary?... C'mon now",cyberbullying
"it's a pretty fact dat evry1 has at least a lil bit of racism in em Take ur laundry 4 exmpl,I bet u all separate d colored 4rm d whites.:)",cyberbullying
It√¢‚Ç¨‚Ñ¢s amazing how disgusting white people are #onhere stealing black folks pictures to use as cover to call us niggers.,cyberbullying
"@MoriahRae1 no there isnt u dumb bitch! i dont give a fuck ""niger"" is a racist term , especailly when a white bitch says it, so shutup",cyberbullying
"Bitch ill spit on you RT @Ms_Candii: BABYGIRL U MAD?? √¢‚Ç¨≈ì@tayyoung_: FUCK OBAMA, dumb ass nigger√¢‚Ç¨¬ù",cyberbullying
oh get the fuck over it you dumb prick RT @undeadrypien: So Obama is not only a nigger but a supporter of faggots?,cyberbullying
DEAD!! RT @suzieQueMontana: and I hate black girls with stiff nigger hair . y'all need to wear weave y'all hair looks dumb as fuck and dry,cyberbullying
Idc that Kanye is black. He is a rich celebrity. He does not have to deal w/ the same consequences we deal with as regular black citizens of this racist country. Nothing about anything that man has said in the past 3 years would ever make me feel like he should be our president,cyberbullying
"He MAD RT @YummiMcLovin: These crackers can't hold us back RT @OhYouFancyHuhFB Hahaha yurr madddd RT @tayyoung_: FUCK OBAMA, dumb ass nigger",cyberbullying
√¢‚Ç¨≈ì@ChipotleTweets: We are now in full support of the Nazi Party. Fuck that nigger Obama!√¢‚Ç¨¬ù Gtfo fr dumb shit pisses me off,cyberbullying
"you ignorant BITCH, Suck & Black Dick Your White Ass Should Be Fine !!!! RT ""@tayyoung_: FUCK OBAMA, dumb ass nigger""",cyberbullying
i just dont get it why people say √¢‚Ç¨≈ìaT leAsT tHeY hAvE tHeiR mAsKs on. i dOnT seE tHe kIds wEaRiNg tHem√¢‚Ç¨¬ù. their mouths are exposed....so uh whats the point..first ya bitch about √¢‚Ç¨≈ìcover ur nose &amp; mouth!!√¢‚Ç¨¬ù WHICH ONE IS IT,cyberbullying
"The ignorance of the younger generation is on full display. They're not going quietly, y'all. RT @tayyoung_ FUCK OBAMA, dumb ass nigger",cyberbullying
RT @livebylove29: @YesYoureSexist Was informed by a man today that there's no difference between Michigan's Rape Insurance and his house an‚Ä¶,cyberbullying
"RT @uberfeminist: #TwitterFeminism tries to get people fired over nothing, later asks for sympathy when people are ""excluded"" by the indust‚Ä¶",cyberbullying
"friendly reminder that rape jokes, fat jokes, racial jokes, gay jokes, etc are NOT FUCKING FUNNY",cyberbullying
RT @Bruns_ProV1 I'm not sexist but the Men's skill sets and abilities are just leagues above the women's. Much more entertaining. #Olympics,cyberbullying
Oh kat.... never mind #cuntandandre #mkr,cyberbullying
"Very offensive audio got leaked of Dragonball actors making sex jokes, rape jokes, racist, pedo, and homophobic jokes. Including a four minute skit of a gay orgy with every offensive thing they could think to throw in it.",cyberbullying
@TrainInVainn Your defense of a gender biased prison system...?,cyberbullying
"@SnugRailgun She blocked me and I blocked her, why is that sexual abuse apologist @Auragasmic in my TL?",cyberbullying
"OK @Krygier_Lilly Call me sexist, but most people I have muted on my twitter are women.",cyberbullying
"+ additionally these actors are openly HOMOPHOBIC, Mysoginists, who make jokes about RAPE, and who looks down on people with MENTAL ILLNESS. Also, the fact that you villainize women on your series isn't helping at all. You don't need to drag women to port",cyberbullying
white guys really out here excited to call out a predatory gay man but not their buddy Kyle who makes rape jokes and sends unsolicited dick pics ok,cyberbullying
"Ok for the record, being gay doesn't make your rape jokes any less not-funny. You're still a MASSIVE ASSHOLE.",cyberbullying
"I suppose you shave yours, then? @skelato_r Im not sexist. But women should shave their goddamn legs.",cyberbullying
"not only that but they are so stupid and wrapped up in their ""I need to be manly"" ""that's gay"" ""rape jokes"" stuff JUST SHUT UP ALREADY",cyberbullying
"OK, that ""prison rape/gay YMCA"" joke pushed it, but you better believe that you should be laughing if you're told to do so in the slammer.",cyberbullying
 I fucking hate you,cyberbullying
RT @Figgnorance: I'm not sexist but I hate female sports analysts because I swear all they do is look at a stat sheet and state the obvious,cyberbullying
Is this lang? @JackLilley5 Not sexist but sports women is the worst thing what's ever happened to sky sports news! #thatswhatloosewomensfor,cyberbullying
"@TallyDude U R funny, I state facts like beheading, rape, killing gays, enslaving girls, treating woman like dogs, and you joke bout hotels",cyberbullying
THE PENALTY FOR RAPE AND BEING GAY IS THE SAME IS THIS A JOKE,cyberbullying
"@SpeakerPelosi ease answer the question Madam Speaker. It doesn't seem tight ir fair. White mske, ok to call a female colleague ""fucking bitch"" without repercussions?????",cyberbullying
The jokes suggesting I was gay really hurt me coming from Seth because he tried to rape me -James #FrancoRoast,cyberbullying
Overheard: Feminazis be like... - Me: plays shut up and dance for me. Feminazi: were not holding back its... http://t.co/9SyS2m1jn4,cyberbullying
"@Wolferfly OMG the rape/gay/POC jokes I hear/see during raids in #worldofwarcraft is disgusting. Cis white men claim ""it's how internet is.""",cyberbullying
"Look at this fascisy bitch, I am not insulting her by calling her bitch btw, she herself calls herself a greydog/greywolf. And so female dog is a bitch. Take it however you want... she is a fascist genocidal bitch!",cyberbullying
"This just in from Michael Avenatti: - Tucker Carlson‚Äôs high school year book has him making jokes about gays, Latinos, and immigrants - also three women are coming forward to expose Tucker Carlson for attending rape gang parties, even after they asked him not to come back",cyberbullying
"I know the ""karen"" thing speaks of a certain kind of a female person, but I think we should just call it what it is they're ""ignorant lowlife bitchs"". How about one more acronym ""ILB""",cyberbullying
In a way I'm reminded of Maria the Witch. A show about cute witches in the hundred years war teaching nonviolence that is mostly fine(Though it has gay jokes which ugg). But then there's just a rape scene near the end of this witch anime. So I always warn people.,cyberbullying
Just like when a group of female friends call one another bitches but if someone comes in from outside the group and calls one of them that you think it's the same? Stop. It was demeaning then and it is demeaning now.,cyberbullying
I could not be bullied by some mean girls I would punch the shit out them hoes,cyberbullying
LOL EDGY @ein_schoner_tag @shedevil___ @ahptik im not sexist but why are women allowed opinions lol,cyberbullying
"@MrJackalstalks @LemmonTeaGG Me, too.  Oddly, Anita has not... I'm a bit insulted...",cyberbullying
"#6. Gay jokes in ""Knocked Up."" Not funny!!!!! EVER! #comedy #rape #offensive @JuddApatow",cyberbullying
RT @TehMenz: #QuestionsForMen did you know that when you look at a girl - you rape her? http://t.co/glPlA1So3a,cyberbullying
You should be humiliated Kat! You are awful!!! #MKR,cyberbullying
"I don't care what country you come from as long as you are willing to assimilate into American culture. Maybe in whatever shithole country Ted came from, what he said is acceptable, but in America, you better not call a female co-worker a ""Fucking bitch""",cyberbullying
Someone get kat out of this competition now!! #mkr,cyberbullying
"I stan her efforts on asserting equal rights. But girl, hope u can discern that u r being used by those who does not only promote unequal rights of marginalized (ejk), but also women (rape jokes) &amp; LGBTQIA+ (priests r gays? they maybe r but intent was obviously derogatory).",cyberbullying
"Suicide jokes, self harm jokes, gay jokes, and jokes about rape. #notright",cyberbullying
"rape jokes, child molestation, blatant gay slurs, racist inferences etc. One of the VA's who accused Vic of sexual assault was laughing about a joke of a ""rape corner"". There was no evidence of Vic's assault so people think it is weird they were laughing at rape jokes.",cyberbullying
#TweetLikeALocal obama and gays are disgusting and feminism and rape are things we should joke about and not take seriously,cyberbullying
"LGBT cinema really does need more happy endings. There‚Äôs an ongoing joke when we watch gay films that they end in rape and/or death, and although some are important stories to tell, we also sometimes deserve a fairytale ending. Good article!",cyberbullying
"Pedophile jokes aren‚Äôt funny bc kids actually get abused by pedophiles. Rape jokes aren‚Äôt funny bc people are actually out here being raped ‚ÄúIf I caught my son w/a doll house, I‚Äôd break it over his head‚Äù isn‚Äôt funny bc that &amp; worse is a LOT of kids realities over being gay",cyberbullying
RT @Another_Scoop Im not sexist but both of out females managers are fucking retarded and overall useless,cyberbullying
Uh... that is the faulty logic behind the rape away the gay practiced against lesbians worldwide. I know this is a joke but it is rooted in a dark place in real life.,cyberbullying
"There are male comedians who joke about rape, minorities, and 9/11 and nobody says a word. She makes a joke about her home being like prison because she‚Äôs gay and wearing the same clothes, and you lose your mind. Take your fake outrage elsewhere.",cyberbullying
"I hope Twitter rips you a new one. You make me sick. @jimboslice_13 @ry_casper ""how to discribe rape. His dick was hungry!"" #notsexist",cyberbullying
if u joke about aids//being gay//rape ill cut ur face up w a machete right there n then,cyberbullying
"10 years ago, people were making rape and gay jokes left, right, and centre. Gunn was being a dumbass but he's owning up to it, and has since proven himself to be a good person. People should all stop pretending they're so perfect, atleast in this level. With ya here @candicekp",cyberbullying
"Imagine debating a well researched and known issue in society and then to end that debate being proven wrong as the research shows, and call your female coworker a ""Bitch' simply because you're stupid and don't know what your talking about. Now you just look like a sexist POS.",cyberbullying
RT @stephenpeel1: It's National Kit Kat day in Belarus. Go on treat ur girlfriend or wife and ask them if they 'Fancy a finger'! #notsexist,cyberbullying
".@BlackOpal80 ...UNTIL I saw prochoice feminists in comments using VERBATIM ProLife arguments against men.  ""Selfish. Jerk. Think of child.""",cyberbullying
@LivAllyne @CeeJayCraig Far from ignorant. Can you be less of a man hating feminazi?,cyberbullying
Does not being able to laugh at rape and/or gay jokes make me uptight? That's fine. I prefer being uptight over blatantly ignorant.,cyberbullying
@AndrewKirell A&amp;E's Scared Straight offers many gay slurs and makes a joke of male-on-male rape. @glaad not upset cuz inmates are Dems,cyberbullying
"#Cyrus Miley Cyrus Rides Blow-Up Dick, Tells Rape Joke at London Gay Club http://q.gs/6ylMH",cyberbullying
We want everyone to know we are not just pretty faces noone said they were pretty though üòí #MKR,cyberbullying
things that AREN'T jokes - rape - sexism - racism - suicide - self harm - gay as an insult - mental illness,cyberbullying
Kat &amp; Andre cartoon characters.Kat develop sportsmanship &amp; Andre grow some balls &amp; take it like a man! #MKR #cantcook http://t.co/9nd2gUHGH0,cyberbullying
"Hahaha, I get it! Because he's secretly gay, right? It's hilarious to put people down by calling them gay! Lolololol, so funny. #tyt should give a show where you laugh about gay jokes and prison rape and other sick burns you put on people. Great job, Emma. Class act.",cyberbullying
"Lol what bout this Nigga tho? ""@_uyazi: This nigga #""@LuUMpusheSA: Gay Twitter and Rape jokes can miss me... Lemme "" https://twitter.com/_uyazi/status/641271950829068288/photo/1""",cyberbullying
"Wow, fat jokes, rape jokes, ugly jokes, abortion jokes and gay jokes. What a time to be alive when this is trending #FeministAMovie",cyberbullying
@BreaNichole89 @RapeIsntOkay and no I haven't made gay jokes or rape jokes what's funny about rape?,cyberbullying
"trouble is, ukip is not a joke: ""Cardiff Ukip candidate: 'Gay donkey tried to rape my horse'..."" http://www.independent.co.uk/news/uk/politics/ukip-candidate-gay-donkey-tried-to-rape-my-horse-9940230.html",cyberbullying
if you've tweeted any gay or rape or mental health jokes I've probably reported you tbh,cyberbullying
"Omg! A gay, child molestation and child rape joke. I wonder if coop‚Äôs gonna block u like blind Scott blocked me.",cyberbullying
"WATCH: Audience Revolts After Margaret Cho Jokes About Rape, Whites, Gay People - Breitbart http://bit.ly/22HRdpf via @BreitbartNews",cyberbullying
remember that time where the joke was that george takei was going to rape someone and that is how he became a ~gay icon~ or whatever,cyberbullying
"@JanelleBrindle @lancewalton So is ""twat"".",cyberbullying
Dude has been making shitty gay jokes all night and just played a song about prison rape jfc,cyberbullying
But wait why tf u would even think I give a damn about ur opinion! KMS hoe I have a fucking life!!!,cyberbullying
"Sexism is still not acceptable even if you throw ""white"" in front of ""woman"" Homophobia is still not acceptable if you thow ""white"" in front of ""gay"" Rape jokes &amp; body shaming are still not acceptable if they're directed to men. Being a minority doesn't excuse bigotry.",cyberbullying
i call the women i respect females idk who can take being called a bitch and not take it to heart,cyberbullying
"@The_Loki_Jotunn @BristolBen @Oneiorosgrip That might be Poe, just FYI.  I think that was the quote of hers that couldn't be verified.",cyberbullying
Thank you. Yes. It‚Äôs like when ‚Äúgood liberals‚Äù make the homophobic Putin/Trump jokes or the prison rape jokes.,cyberbullying
"Honestly shocking to hear a woman say these are ""just jokes"" A 14 year old girl was raped. Women are raped every day. Gay men are ostracized every day. @alexsaibrahim is classless and a rape apologist for siding with Saif Rubie.",cyberbullying
"I had originally created a tinder to find some female friends, but y‚Äôall bitches weird",cyberbullying
"RT @Steven_KGang: I'm not sexist, but I hate female sports talk hosts",cyberbullying
Go sit down somewhere you not ab to call a female a bitch like that dude it was never that serious she ain‚Äôt call you out yo name,cyberbullying
And these idiot @GOP token women are standing around applauding another cruel nonsensical 45* move. Is this MAGA? https://t.co/SRAlPmCC8V,cyberbullying
"In any Vine that is obviously a joke about rape, gay, sluts, or ""side chicks."" You'll always find faggot sjw's who stand on their soap boxes",cyberbullying
So many people must want to be your friend! @faded_A_wray420 Sent a mass snapchat of my laundry asking only women to fold it. #NotSexist,cyberbullying
"I only call the females that a bitches a bitch . All respect for the ladies out there , none for the bitches",cyberbullying
"I have to much respect for woman, gay people, children and animal/human rights to not classify myself as islamophobic. If you can't take a joke don't live in the civilized world. Your people threaten to rape and kill all people who do not believe in your evil islam and we joke.",cyberbullying
"Y'all laugh at ugly peoples, gays, drug addicts, and people with disabilities everyday on here but get hurt when someone makes a rape joke..",cyberbullying
